Top,Movie Title,MovieID,Rating,Year,Languages,Genres,Plot,Directors,Actors,Subjectivity,Polarity,Common Sentiment,Emotion Scale
1,Top Gun: Maverick,1745960,8.6,2022,English,"Action, Drama","Set 30 years after its predecessor, it follows Maverick's return to the United States Navy Strike Fighter Tactics Instructor program (also known as U.S. Navy-Fighter Weapons School - ""TOPGUN""), where he must confront his past as he trains a group of younger pilots, among them the son of Maverick's deceased best friend Lieutenant Nick ""Goose"" Bradshaw, USN.",Joseph Kosinski,"Tom Cruise, Val Kilmer, Miles Teller, Jennifer Connelly, Bashir Salahuddin",0.5239084220344066,0.2833772719298292,Positive,"{'Happy': 0.156, 'Angry': 0.0484, 'Surprise': 0.3376, 'Sad': 0.1924, 'Fear': 0.2652}"
2,Jurassic World: Dominion,8041270,6.0,2022,English,"Action, Adventure, Sci-Fi, Thriller","After surviving the destruction of Isla Nubar and dealing with the conspiracy at the Lockwood estate, Owen Grady and Claire Deering took Lockwood's granddaughter Maisie with them upon learning she's actually the clone of Lockwood's daughter. They've been living under the radar to protect Maisie but she feels like a prisoner.one day Blue the raptor Grady trained at Isla Nuba and bonded with shows up and reveals that she bored an offspring which is impossible. Men are watching them and they are told to get Maisie and Blue's child which they do. Owen and Claire set out to find them. They ask some friends to help them and they eventually learn that it was Lewis Dodgson, owner of Biosynwho ordered their abduction.at the same time the country's crops are being attacked by some unusual locusts, Ellie Satler investigates and suspects the locusts were created by Dodgson who wants the world to rely o his crop that the locusts have not touched. So she asks Alan Grant her former partners help her. She was contacted by Ian Malcolm who works for Dodgson who invites them to Dodgson dinosaur sanctuary which is also his lab. They set out to prove Dodgson scheme but in the process they meet Maisie who bonded with Blue's child whom she named Beta.they try to escape but Dodgson tries to stop them. Claire Owen head to the sanctuary to save Maisie and Blue.",Colin Trevorrow,"Chris Pratt, Bryce Dallas Howard, Laura Dern, Sam Neill, Jeff Goldblum",0.5206204496480854,0.05243855569347564,Positive,"{'Happy': 0.1372, 'Angry': 0.0472, 'Surprise': 0.2172, 'Sad': 0.2332, 'Fear': 0.366}"
3,Top Gun,0092099,6.9,1986,English,"Action, Drama","Code-named Maverick, Pete Mitchell, an impetuous, daredevil Navy-pilot ace, is accepted into Top Gun, Miramar's elite Fighter School. But there, the impulsive young pilot will have to compete with the best of the best, including Iceman, a brilliant and highly competitive fellow student. Now, Mitchell must give his all; however, his father's mysterious and untimely demise still haunts him. Can Maverick prove his worth to Charlie, the flying school's no-nonsense astrophysics instructor? Will he be able to suppress his wild nature to win the prestigious Top Gun Trophy?",Tony Scott,"Tom Cruise, Kelly McGillis, Val Kilmer, Anthony Edwards, Tom Skerritt",0.5102587054431461,0.2587705583040207,Positive,"{'Happy': 0.2064, 'Angry': 0.0476, 'Surprise': 0.2876, 'Sad': 0.1768, 'Fear': 0.2808}"
4,Hustle,8009428,7.4,2022,"English, Spanish","Comedy, Drama, Sport","After being fired, pro basketball scout, Stanley Beren, is excited, for the first time in a very long while, when he serendipitously discovers Spanish amateur baller, Bo Cruz, playing in a park outside Madrid. Fueled with new-found purpose, Stanley makes it his mission to groom Bo for the NBA as he believes they both can make it.",Jeremiah Zagar,"Adam Sandler, Queen Latifah, Juancho Hernangomez, Ben Foster, Kenny Smith",0.5738705984574625,0.22479789713953582,Positive,"{'Happy': 0.2476, 'Angry': 0.0356, 'Surprise': 0.2164, 'Sad': 0.2232, 'Fear': 0.2776}"
5,Interceptor,14174940,4.4,2022,English,"Action, Adventure, Drama, Thriller","The tough and reality-bruised Captain JJ Collins (Elsa Pataky) finds herself in charge of a lone nuclear missile interceptor base in the middle of the Pacific Ocean after she is wrongfully drummed out of her dream job at the Pentagon. When a simultaneous coordinated attack then threatens the base itself, Collins comes face-to-face with the charismatic yet crooked Alexander Kessel (Luke Bracey), a former US military intelligence officer intent on carrying out an unthinkable plan. With only minutes on the clock, Collins must utilize her years of tactical training and military expertise to determine who she can trust and stop Kessel and his covert mercenaries from completing their twisted and terrible mission.",Matthew Reilly,"Elsa Pataky, Luke Bracey, Aaron Glenane, Mayen Mehta, Paul Caesar",0.5251441376837817,-0.10099475843099678,Negative,"{'Happy': 0.0928, 'Angry': 0.07, 'Surprise': 0.2456, 'Sad': 0.2908, 'Fear': 0.3008}"
6,Everything Everywhere All at Once,6710474,8.3,2022,"English, Mandarin, Cantonese","Action, Adventure, Comedy, Fantasy, Sci-Fi","With her laundromat teetering on the brink of failure and her marriage to wimpy husband Waymond on the rocks, overworked Evelyn Wang struggles to cope with everything, including a tattered relationship with her judgmental father Gong Gong and Joy, her daughter. And, as if facing a gloomy midlife crisis wasn't enough, Evelyn must brace herself up for an unpleasant meeting with an impersonal bureaucrat: Deirdre, the shabbily dressed IRS auditor. However, as the stern agent loses patience, an inexplicable multiverse rift becomes an eye-opening exploration of parallel realities. Will Evelyn jump down the rabbit hole? But how many stars are there in the universe? Can weary Evelyn fathom the irrepressible force of possibilities, tap into newfound powers, and prevent an evil entity from destroying the thin, countless layers of the unseen world?","Dan Kwan, Daniel Scheinert","Michelle Yeoh, Stephanie Hsu, Ke Huy Quan, James Hong, Jamie Lee Curtis",0.5249023119793974,0.1580984143600726,Positive,"{'Happy': 0.118, 'Angry': 0.062, 'Surprise': 0.2908, 'Sad': 0.2216, 'Fear': 0.3064}"
7,Fantastic Beasts: The Secrets of Dumbledore,4123432,6.2,2022,"English, German","Action, Adventure, Fantasy","Professor Albus Dumbledore knows the powerful Dark wizard Gellert Grindelwald is moving to seize control of the wizarding world. Unable to stop him alone, he entrusts Magizoologist Newt Scamander to lead an intrepid team of wizards, witches and one brave Muggle baker on a dangerous mission, where they encounter old and new beasts and clash with Grindelwald's growing legion of followers. But with the stakes so high, how long can Dumbledore remain on the sidelines? (Warner Bros media release)",David Yates,"Jude Law, Cara Mahoney, Mads Mikkelsen, Eddie Redmayne, Katherine Waterston",0.5493965481244765,0.0910319474766964,Positive,"{'Happy': 0.1584, 'Angry': 0.0412, 'Surprise': 0.2576, 'Sad': 0.2312, 'Fear': 0.3112}"
8,Black Adam,6443346,,2022,English,"Action, Fantasy, Sci-Fi",,Jaume Collet-Serra,"Sarah Shahi, Dwayne Johnson, Pierce Brosnan, Noah Centineo, Aldis Hodge",0.0,0.0,Neutral,"{'Happy': 0.0, 'Angry': 0.0, 'Surprise': 0.0, 'Sad': 0.0, 'Fear': 0.0}"
9,The Northman,11138512,7.3,2022,"English, Norse, Old","Action, Adventure, Drama, Fantasy, History, Thriller","The Viking Age. With a mind aflame with hate and revenge, Prince Amleth, the wronged son of King Aurvandill War-Raven, heads to cold, windswept Iceland to retrieve what was stolen from him: a father, a mother, and a kingdom. And like a war dog picking up the enemy's scent, brutal Amleth embarks on a murderous quest to find the hateful adversary, whose life is forever woven together with his by the threads of fate. Now, in the name of Valhalla, no one can stop the Northman, not even God.",Robert Eggers,"Alexander Skarsgård, Nicole Kidman, Claes Bang, Ethan Hawke, Anya Taylor-Joy",0.5824149808348146,0.1036262818046478,Positive,"{'Happy': 0.1492, 'Angry': 0.0636, 'Surprise': 0.2412, 'Sad': 0.2212, 'Fear': 0.3252}"
10,The Unbearable Weight of Massive Talent,11291274,7.2,2022,English,"Action, Comedy, Crime, Thriller","The fictionalized version of Nick Cage must accept a $1 million offer to attend the birthday of a dangerous super fan Javi Gutierrez. Things take a wildly unexpected turn when Nick Cage is recruited by a CIA operative Vivian and forced to live up to his own legend, channeling his most iconic and beloved on-screen characters in order to save himself and his loved ones.",Tom Gormican,"Nicolas Cage, Pedro Pascal, Tiffany Haddish, Sharon Horgan, Paco León",0.5286072876131223,0.2166433524173457,Positive,"{'Happy': 0.186, 'Angry': 0.0444, 'Surprise': 0.238, 'Sad': 0.208, 'Fear': 0.3228}"
11,Bullet Train,12593682,,2022,English,"Action, Thriller","Trained killer Ladybug wants to give up the life but is pulled back in by his handler Maria Beetle in order to collect a briefcase on a bullet train heading from Tokyo to Morioka. On board are fellow assasins Kimura, the Prince, Tangerine, and Lemon. Once on board the five assasins discover that their objectives are all connected.",David Leitch,"Karen Fukuhara, Brad Pitt, Zazie Beetz, Sandra Bullock, Joey King",0.0,0.0,Neutral,"{'Happy': 0.0, 'Angry': 0.0, 'Surprise': 0.0, 'Sad': 0.0, 'Fear': 0.0}"
12,Doctor Strange in the Multiverse of Madness,9419884,7.3,2022,English,"Action, Adventure, Fantasy, Horror, Sci-Fi",,Sam Raimi,"Benedict Cumberbatch, Elizabeth Olsen, Chiwetel Ejiofor, Benedict Wong, Xochitl Gomez",0.48259649932641574,0.037156523229614796,Positive,"{'Happy': 0.1052, 'Angry': 0.0524, 'Surprise': 0.3056, 'Sad': 0.2488, 'Fear': 0.2896}"
13,Elvis,3704428,,2022,English,"Biography, Drama, Music",,Baz Luhrmann,"Dacre Montgomery, Austin Butler, Luke Bracey, Tom Hanks, Olivia DeJonge",0.0,0.0,Neutral,"{'Happy': 0.0, 'Angry': 0.0, 'Surprise': 0.0, 'Sad': 0.0, 'Fear': 0.0}"
14,Thor: Love and Thunder,10648342,,2022,English,"Action, Adventure, Comedy, Fantasy, Music, Romance, Sci-Fi","Thor's retirement is interrupted by a galactic killer known as Gorr the God Butcher, who seeks the extinction of the gods. To combat the threat, Thor enlists the help of King Valkyrie, Korg and ex-girlfriend Jane Foster, who - to Thor's surprise - inexplicably wields his magical hammer, Mjolnir, as the Mighty Thor. Together, they embark upon a harrowing cosmic adventure to uncover the mystery of the God Butcher's vengeance and stop him before it's too late.",Taika Waititi,"Natalie Portman, Chris Hemsworth, Chris Pratt, Taika Waititi, Christian Bale",0.0,0.0,Neutral,"{'Happy': 0.0, 'Angry': 0.0, 'Surprise': 0.0, 'Sad': 0.0, 'Fear': 0.0}"
15,Crimes of the Future,14549466,6.6,2022,English,"Drama, Horror, Sci-Fi","It sounds just as ambitious, taking a deep dive into the not-so-distant future in which humankind is learning to adapt to its synthetic surroundings. This evolution moves humans beyond their natural state and into a metamorphosis, which alters their biological makeup. While some embrace the limitless potential of trans-humanism, others attempt to police it. Either way, Accelerated Evolution Syndrome, is spreading fast. Saul Tenser is a beloved performance artist who has embraced this new state, sprouting new and unexpected organs in his body. Along with his partner Caprice, Tenser has turned the removal of these organs into a spectacle for his loyal followers to marvel at in real time theater. But with both the government and a strange subculture taking note, Tenser is forced to consider what would be his most shocking performance of all.",David Cronenberg,"Léa Seydoux, Kristen Stewart, Viggo Mortensen, Scott Speedman, Tanaya Beatty",0.5238229091872955,0.10934948446754678,Positive,"{'Happy': 0.1384, 'Angry': 0.0532, 'Surprise': 0.2376, 'Sad': 0.2332, 'Fear': 0.3368}"
16,The Batman,1877830,7.9,2022,"English, Spanish, Latin, Italian","Action, Crime, Drama, Mystery","""Batman ventures into Gotham City's underworld when a sadistic killer leaves behind a trail of cryptic clues. As the evidence begins to lead closer to home and the scale of the perpetrator's plans become clear, he must forge new relationships, unmask the culprit and bring justice to the abuse of power and corruption that has long plagued the metropolis.",Matt Reeves,"Robert Pattinson, Zoë Kravitz, Jeffrey Wright, Colin Farrell, Paul Dano",0.5631060736419636,0.08980302347261429,Positive,"{'Happy': 0.1508, 'Angry': 0.0568, 'Surprise': 0.2228, 'Sad': 0.2476, 'Fear': 0.3212}"
17,Morbius,5108870,5.1,2022,"English, Spanish, Russian","Action, Adventure, Horror, Sci-Fi, Thriller","Dangerously ill with a rare blood disorder, and determined to save others suffering his same fate, Dr. Morbius attempts a desperate gamble. What at first appears to be a radical success soon reveals itself to be a remedy potentially worse than the disease.",Daniel Espinosa,"Jared Leto, Matt Smith, Adria Arjona, Jared Harris, Tyrese Gibson",0.5184397893896039,0.06581812240518195,Positive,"{'Happy': 0.1124, 'Angry': 0.0356, 'Surprise': 0.284, 'Sad': 0.2252, 'Fear': 0.342}"
18,Last Seen Alive,15004136,5.6,2022,English,"Action, Thriller","""Chase"" centers on Will Spann (Butler), who is driving his soon-to-be ex-wife Lisa (Alexander) to her parents' home when she mysteriously disappears without a trace during a stop at a gas station. A frantic Will engages the local police and Lisa's parents in a desperate attempt to find her, but as time passes and suspicion falls on him, he must take matters into his own hands, delving into the town's criminal underbelly while running from the authorities in a race against time to find Lisa.",Brian Goodman,"Gerard Butler, Jaimie Alexander, Russell Hornsby, Ethan Embry, Michael Irby",0.507412052439535,0.045629069462328156,Positive,"{'Happy': 0.1304, 'Angry': 0.0576, 'Surprise': 0.2364, 'Sad': 0.2716, 'Fear': 0.3028}"
19,Jurassic Park,0107290,8.2,1993,"English, Spanish","Action, Adventure, Sci-Fi, Thriller","Huge advancements in scientific technology have enabled a mogul to create an island full of living dinosaurs. John Hammond has invited four individuals, along with his two grandchildren, to join him at Jurassic Park. But will everything go according to plan? A park employee attempts to steal dinosaur embryos, critical security systems are shut down and it now becomes a race for survival with dinosaurs roaming freely over the island.",Steven Spielberg,"Sam Neill, Laura Dern, Jeff Goldblum, Richard Attenborough, Bob Peck",0.5705534578454425,0.23421580676960377,Positive,"{'Happy': 0.1708, 'Angry': 0.0544, 'Surprise': 0.2744, 'Sad': 0.1676, 'Fear': 0.334}"
20,Fire Island,15218000,6.7,2022,English,"Comedy, Romance","Set in the iconic Pines, Andrew Ahn's FIRE ISLAND is an unapologetic, modern day rom-com showcasing a diverse, multicultural examination of queerness and romance. Inspired by the timeless pursuits from Jane Austen's classic Pride and Prejudice, the story centers around two best friends (Joel Kim Booster and Bowen Yang) who set out to have a legendary summer adventure with the help of cheap rosé and their cadre of eclectic friends.",Andrew Ahn,"Joel Kim Booster, Bowen Yang, Margaret Cho, Conrad Ricamora, James Scully",0.563238443998395,0.11606909638069272,Positive,"{'Happy': 0.2708, 'Angry': 0.04, 'Surprise': 0.1684, 'Sad': 0.2016, 'Fear': 0.3212}"
21,Prey,11866324,,2022,English,"Action, Drama, Horror, Sci-Fi, Thriller",,Dan Trachtenberg,"Amber Midthunder, Dane DiLiegro, Harlan Blayne Kytwayhat, Dakota Beavers, Stormee Kipp",0.0,0.0,Neutral,"{'Happy': 0.0, 'Angry': 0.0, 'Surprise': 0.0, 'Sad': 0.0, 'Fear': 0.0}"
22,X,13560574,6.6,2022,English,"Horror, Thriller","Set in 1979, adult movie actors and a small film crew arrive to a farmhouse occupied by an elderly couple in the desolate Texas countryside to film an adult movie. As the day shifts to night, the visitors slowly realize that they are not safe, and are being targeted by a nearby enemy.",Ti West,"Mia Goth, Jenna Ortega, Brittany Snow, Kid Cudi, Martin Henderson",0.5709679459437329,0.03769285932133175,Positive,"{'Happy': 0.1292, 'Angry': 0.04, 'Surprise': 0.268, 'Sad': 0.2664, 'Fear': 0.2932}"
23,The Lost City,13320622,6.2,2022,"English, Spanish, Latin","Action, Adventure, Comedy, Romance","Reclusive author Loretta Sage writes about exotic places in her popular adventure novels that feature a handsome cover model named Alan. While on tour promoting her new book with Alan, Loretta gets kidnapped by an eccentric billionaire who hopes she can lead him to an ancient city's lost treasure from her latest story. Determined to prove he can be a hero in real life and not just on the pages of her books, Alan sets off to rescue her.","Aaron Nee, Adam Nee","Sandra Bullock, Channing Tatum, Daniel Radcliffe, Da'Vine Joy Randolph, Brad Pitt",0.5295279018427422,0.034556951098769086,Positive,"{'Happy': 0.1476, 'Angry': 0.0548, 'Surprise': 0.236, 'Sad': 0.2356, 'Fear': 0.3256}"
24,What Is a Woman?,20256528,8.5,2022,English,Documentary,,Justin Folk,"Matt Walsh, Gert Comfrey, Marci Bowers, Don Sucher, Michelle Forcier",0.4666025842159771,0.131939096016596,Positive,"{'Happy': 0.1264, 'Angry': 0.0392, 'Surprise': 0.26, 'Sad': 0.1656, 'Fear': 0.4104}"
25,Vikram,9179430,8.9,2022,"Hindi, Kannada, Telugu, Malayalam, Tamil","Action, Thriller","Karnan an alcoholic enjoys a freak life but he gets brutally killed by a gang of masked men.Amar a black squad commando and is team is given the case.Amar sees that two other person were killed brutally in similar passion by the masked gang and they were government officials but is surprised why Karnan was killed as he was not connected to any government agencies.Amar's inquiry leads him to find that Karnan became an alcoholic,drug addict and womanizer after death of his son but also had another side of cold shoulder towards his grandson whose suffering from heart ailment and he lived for him.While investigating the case Amar comes across Santhanam a drug lord who has huge contacts and operates without fear on the other hand the mask gang continues to eliminate government officials.Amar finds who could be their next target and along with his team goes to save him whose under protection of Santhanam.But the mask gang over powers them, Amar manages to chase their leader leading to an unknown identity called Vikram.",Lokesh Kanagaraj,"Kamal Haasan, Vijay Sethupathi, Fahadh Faasil, Narain, Suriya",0.4834177203755189,0.24370098354877293,Positive,"{'Happy': 0.1588, 'Angry': 0.0368, 'Surprise': 0.332, 'Sad': 0.1612, 'Fear': 0.3112}"
26,Chip 'n Dale: Rescue Rangers,3513500,7.0,2022,English,"Animation, Adventure, Comedy, Family, Mystery",,Akiva Schaffer,"Andy Samberg, John Mulaney, KiKi Layne, Will Arnett, Eric Bana",0.5571807465976203,0.07486118883449529,Positive,"{'Happy': 0.1524, 'Angry': 0.0444, 'Surprise': 0.2316, 'Sad': 0.282, 'Fear': 0.2896}"
27,Nope,10954984,,2022,English,"Horror, Mystery, Sci-Fi, Thriller",,Jordan Peele,"Daniel Kaluuya, Keke Palmer, Brandon Perea, Michael Wincott, Steven Yeun",0.0,0.0,Neutral,"{'Happy': 0.0, 'Angry': 0.0, 'Surprise': 0.0, 'Sad': 0.0, 'Fear': 0.0}"
28,Jurassic World: Fallen Kingdom,4881806,6.1,2018,"English, Russian","Action, Adventure, Sci-Fi","Three years after the Jurassic World theme park was closed down, Owen and Claire return to Isla Nublar to save the dinosaurs when they learn that a once dormant volcano on the island is active and is threatening to extinguish all life there. Along the way, Owen sets out to find Blue, his lead raptor, and discovers a conspiracy that could disrupt the natural order of the entire planet. Life has found a way, again.",J.A. Bayona,"Chris Pratt, Bryce Dallas Howard, Rafe Spall, Justice Smith, Daniella Pineda",0.5317397591944162,0.10960437745391079,Positive,"{'Happy': 0.1408, 'Angry': 0.0324, 'Surprise': 0.2104, 'Sad': 0.2352, 'Fear': 0.3804}"
29,Jurassic World,0369610,6.9,2015,English,"Action, Adventure, Sci-Fi","Twenty-two years after the original Jurassic Park failed, the new park, also known as Jurassic World, is open for business. After years of studying genetics, the scientists on the park genetically engineer a new breed of dinosaur, the Indominus Rex. When everything goes horribly wrong, will our heroes make it off the island?",Colin Trevorrow,"Chris Pratt, Bryce Dallas Howard, Irrfan Khan, Vincent D'Onofrio, Ty Simpkins",0.5293995458227497,0.16376559072586974,Positive,"{'Happy': 0.1546, 'Angry': 0.0492, 'Surprise': 0.2604, 'Sad': 0.1646, 'Fear': 0.3708}"
30,The Godfather,0068646,9.2,1972,"English, Italian, Latin","Crime, Drama","The Godfather ""Don"" Vito Corleone is the head of the Corleone mafia family in New York. He is at the event of his daughter's wedding. Michael, Vito's youngest son and a decorated WW II Marine is also present at the wedding. Michael seems to be uninterested in being a part of the family business. Vito is a powerful man, and is kind to all those who give him respect but is ruthless against those who do not. But when a powerful and treacherous rival wants to sell drugs and needs the Don's influence for the same, Vito refuses to do it. What follows is a clash between Vito's fading old values and the new ways which may cause Michael to do the thing he was most reluctant in doing and wage a mob war against all the other mafia families which could tear the Corleone family apart.",Francis Ford Coppola,"Marlon Brando, Al Pacino, James Caan, Richard S. Castellano, Robert Duvall",0.5742093286244395,0.26967280887888256,Positive,"{'Happy': 0.1108, 'Angry': 0.05, 'Surprise': 0.3044, 'Sad': 0.2036, 'Fear': 0.3308}"
31,Men,13841850,6.3,2022,English,"Drama, Horror, Sci-Fi",,Alex Garland,"Jessie Buckley, Rory Kinnear, Paapa Essiedu, Gayle Rankin, Sarah Twomey",0.5389861683398285,0.013456371210208333,Positive,"{'Happy': 0.0696, 'Angry': 0.0624, 'Surprise': 0.2744, 'Sad': 0.2272, 'Fear': 0.368}"
32,Pinocchio,4593060,,2022,English,"Adventure, Comedy, Drama, Family, Fantasy, Musical",,Robert Zemeckis,"Tom Hanks, Lorraine Bracco, Luke Evans, Joseph Gordon-Levitt, Cynthia Erivo",0.0,0.0,Neutral,"{'Happy': 0.0, 'Angry': 0.0, 'Surprise': 0.0, 'Sad': 0.0, 'Fear': 0.0}"
33,The Munsters,14813212,,,English,"Comedy, Family, Fantasy, Horror, Sci-Fi",,Rob Zombie,"Jeff Daniel Phillips, Sheri Moon Zombie, Daniel Roebuck, Cassandra Peterson, Dee Wallace",0.0,0.0,Neutral,"{'Happy': 0.0, 'Angry': 0.0, 'Surprise': 0.0, 'Sad': 0.0, 'Fear': 0.0}"
34,Lightyear,10298810,5.2,2022,English,"Animation, Action, Adventure, Drama, Family, Sci-Fi",,Angus MacLane,"Chris Evans, Keke Palmer, Peter Sohn, Taika Waititi, Dale Soules",0.5609253281730784,0.030954015390380885,Positive,"{'Happy': 0.1192, 'Angry': 0.07, 'Surprise': 0.2216, 'Sad': 0.3352, 'Fear': 0.252}"
35,The Lady of Heaven,13097336,5.7,2021,English,"Action, Drama, History",,Eli King,"Denise Black, Gabriel Cartade, Ray Fearon, Mark Anthony Brighton, Oscar Salem",0.555168051948052,0.2866640757808499,Positive,"{'Happy': 0.1628, 'Angry': 0.0376, 'Surprise': 0.3912, 'Sad': 0.2256, 'Fear': 0.1828}"
36,The Black Phone,7144666,7.4,2021,English,Horror,"Finney Shaw is a shy but clever 13-year-old boy who is abducted by a sadistic killer and trapped in a soundproof basement where screaming is of no use. When a disconnected phone on the wall begins to ring, Finney discovers that he can hear the voices of the killer's previous victims. And they are dead-set on making sure that what happened to them doesn't happen to Finney.",Scott Derrickson,"Mason Thames, Madeleine McGraw, Ethan Hawke, Jeremy Davies, E. Roger Mitchell",0.5995411241594343,0.24966687788523284,Positive,"{'Happy': 0.2096, 'Angry': 0.0328, 'Surprise': 0.2984, 'Sad': 0.174, 'Fear': 0.2844}"
37,Downton Abbey: A New Era,11703710,7.6,2022,"English, French","Drama, Romance",,Simon Curtis,"Allen Leech, Tuppence Middleton, Eva Samms, Karina Samms, Imelda Staunton",0.5545002631257069,0.2982764333141155,Positive,"{'Happy': 0.27, 'Angry': 0.0288, 'Surprise': 0.222, 'Sad': 0.1876, 'Fear': 0.2932}"
38,Sonic the Hedgehog 2,12412888,6.6,2022,"English, Russian","Action, Adventure, Comedy, Family, Fantasy, Sci-Fi","After settling in Green Hills, Sonic is ready for more freedom, and Tom and Maddie agree to leave him home while they go on vacation. But, no sooner are they gone, when Dr. Robotnik comes back, this time with a new partner, Knuckles, in search for an emerald that has the power to both build and destroy civilizations. Sonic teams up with his own sidekick, Tails, and together they embark on a journey to find the emerald before it falls into the wrong hands. Being directed by Jeff Fowler, and starring Jim Carrey, James Marsden, and Ben Schwartz.",Jeff Fowler,"James Marsden, Jim Carrey, Ben Schwartz, Tika Sumpter, Idris Elba",0.503064991664309,0.208975379109078,Positive,"{'Happy': 0.208, 'Angry': 0.0252, 'Surprise': 0.28, 'Sad': 0.1876, 'Fear': 0.298}"
39,Major,9851854,8.8,2022,"Telugu, Hindi, Malayalam","Action, Biography, Drama",,Sashi Kiran Tikka,"Adivi Sesh, Saiee Manjrekar, Sobhita Dhulipala, Prakash Raj, Revathi",0.5995155139833711,0.3566750039510754,Positive,"{'Happy': 0.1968, 'Angry': 0.0228, 'Surprise': 0.3156, 'Sad': 0.2108, 'Fear': 0.2528}"
40,Senior Year,5315212,5.5,2022,English,"Comedy, Drama","In 2002 and tells the story of Stephanie, the most popular girl in her high school. She's the captain of the cheerleading squad, dating the quarterback and is well on her way to becoming the prom queen. Girls want to be her and guys want to be with her. She has it all until she falls off the top of the cheerleading pyramid and goes into a coma. Fast forward 20 years later and Ruby finally wakes up from her coma as a 37-year-old woman. She goes back to her high school and tries to assume her role as the star of her school. Most of all, she is still set on winning the crown as prom queen.",Alex Hardcastle,"Rebel Wilson, Angourie Rice, Mary Holland, Molly Brown, Sam Richardson",0.543190382638045,0.11200793504655518,Positive,"{'Happy': 0.234, 'Angry': 0.1008, 'Surprise': 0.1932, 'Sad': 0.1996, 'Fear': 0.2708}"
41,Spider-Man: No Way Home,10872600,8.3,2021,English,"Action, Adventure, Fantasy, Sci-Fi","Peter Parker's secret identity is revealed to the entire world. Desperate for help, Peter turns to Doctor Strange to make the world forget that he is Spider-Man. The spell goes horribly wrong and shatters the multiverse, bringing in monstrous villains that could destroy the world.",Jon Watts,"Tom Holland, Zendaya, Benedict Cumberbatch, Jacob Batalon, Jon Favreau",0.5148396955057136,0.1479716514060786,Positive,"{'Happy': 0.1516, 'Angry': 0.0632, 'Surprise': 0.3092, 'Sad': 0.2032, 'Fear': 0.272}"
42,RRR,8178634,8.1,2022,"Telugu, English","Action, Drama","During the British era Malli a small tribal girl is taken away by British governor Scott Buxton and his wife Catherine against the wishes of her parents.A Rama Raju an Indian cop who works for the British army for him duty comes first and is very ruthless to revolutionary Indians but he is never credited for his due by British government.The British government find that a tribal Komaram Bheem who considers Malli his sister has started his search for her and could be an obstacle for the British army.The governor and his wife announces a special post for any officer who can bring Bheem to them,Rama Raju decides to take the matters in his hand and promises the government to bring him dead or alive.Bheem by now has reached he city in search of Malli and pretends to be a mechanic Afzal during a train accident on lake he and Rama Raju risk their lives and save a kid and become best of friends.But both man will clash with each other and will be thirsty for each other's blood to complete their missions.",S.S. Rajamouli,"N.T. Rama Rao Jr., Ram Charan, Ajay Devgn, Alia Bhatt, Olivia Morris",0.508642535206813,0.13059948767395127,Positive,"{'Happy': 0.1324, 'Angry': 0.0428, 'Surprise': 0.2612, 'Sad': 0.1804, 'Fear': 0.3836}"
43,Winnie-The-Pooh: Blood and Honey,19623240,,,English,Horror,,Rhys Frake-Waterfield,"Natasha Tosini, Amber Doig-Thorne, Maria Taylor, Craig David Dowsett, Danielle Ronald",0.0,0.0,Neutral,"{'Happy': 0.0, 'Angry': 0.0, 'Surprise': 0.0, 'Sad': 0.0, 'Fear': 0.0}"
44,Uncharted,1464335,6.4,2022,"English, Spanish","Action, Adventure","Street-smart Nathan Drake (Tom Holland) is recruited by seasoned treasure hunter Victor ""Sully"" Sullivan (Mark Wahlberg) to recover a fortune amassed by Ferdinand Magellan and lost 500 years ago by the House of Moncada. What starts as a heist job for the duo becomes a globe-trotting, white-knuckle race to reach the prize before the ruthless Santiago Moncada (Antonio Banderas), who believes he and his family are the rightful heirs. If Nate and Sully can decipher the clues and solve one of the world's oldest mysteries, they stand to find $5 billion in treasure and perhaps even Nate's long-lost brother...but only if they can learn to work together.",Ruben Fleischer,"Tom Holland, Mark Wahlberg, Antonio Banderas, Sophia Ali, Tati Gabrielle",0.5159806577811004,0.08903138133974929,Positive,"{'Happy': 0.1544, 'Angry': 0.0488, 'Surprise': 0.2288, 'Sad': 0.2132, 'Fear': 0.3544}"
45,Death on the Nile,7657566,6.3,2022,"English, French","Crime, Drama, Mystery","Belgian sleuth Hercule Poirot's vacation aboard a glamorous river steamer turns into a terrifying search for a murderer when a picture-perfect couple's idyllic honeymoon is tragically cut short. Set against an epic landscape of sweeping Egyptian desert vistas and the majestic Giza pyramids, this tale of unbridled passion and incapacitating jealousy features a cosmopolitan group of impeccably dressed travelers, and enough wicked twists and turns to leave audiences guessing until the final, shocking denouement.",Kenneth Branagh,"Michael Rouse, Alaa Safi, Orlando Seale, Charlie Anson, Danny Hughes",0.5385201074439092,-0.024494916712677037,Positive,"{'Happy': 0.0824, 'Angry': 0.0324, 'Surprise': 0.2456, 'Sad': 0.2792, 'Fear': 0.3588}"
46,Fantastic Beasts: The Crimes of Grindelwald,4123430,6.5,2018,"English, French","Adventure, Family, Fantasy","In an effort to thwart Grindelwald's plans of raising pure-blood wizards to rule over all non-magical beings, Albus Dumbledore enlists his former student Newt Scamander, who agrees to help, though he's unaware of the dangers that lie ahead. Lines are drawn as love and loyalty are tested, even among the truest friends and family, in an increasingly divided wizarding world.",David Yates,"Johnny Depp, Kevin Guthrie, Carmen Ejogo, Wolf Roth, Eddie Redmayne",0.5755998447906303,0.03816156111042992,Positive,"{'Happy': 0.1212, 'Angry': 0.0192, 'Surprise': 0.2276, 'Sad': 0.2648, 'Fear': 0.366}"
47,Ghostbusters: Afterlife,4513678,7.1,2021,English,"Adventure, Comedy, Fantasy, Sci-Fi",,Jason Reitman,"Carrie Coon, Paul Rudd, Finn Wolfhard, Mckenna Grace, Logan Kim",0.5419819621655853,0.21182341540520064,Positive,"{'Happy': 0.2368, 'Angry': 0.058, 'Surprise': 0.2464, 'Sad': 0.196, 'Fear': 0.2624}"
48,No Time to Die,2382320,7.3,2021,"English, French, Italian, Russian, Spanish, German","Action, Adventure, Thriller","Bond has left active service and is enjoying a tranquil life in Jamaica. His peace is short-lived when his old friend Felix Leiter from the CIA turns up asking for help. The mission to rescue a kidnapped scientist turns out to be far more treacherous than expected, leading Bond onto the trail of a mysterious villain armed with dangerous new technology.",Cary Joji Fukunaga,"Daniel Craig, Léa Seydoux, Rami Malek, Lashana Lynch, Ralph Fiennes",0.5269685698448525,0.040148866035874316,Positive,"{'Happy': 0.1, 'Angry': 0.0564, 'Surprise': 0.1968, 'Sad': 0.2212, 'Fear': 0.426}"
49,Father Stu,14439896,6.5,2022,English,"Biography, Drama",,Rosalind Ross,"Mark Wahlberg, Mel Gibson, Jacki Weaver, Teresa Ruiz, Aaron Moten",0.5269716996384092,0.19529107379662722,Positive,"{'Happy': 0.1824, 'Angry': 0.0528, 'Surprise': 0.2852, 'Sad': 0.2176, 'Fear': 0.2616}"
50,The Bad Guys,8115900,6.9,2022,English,"Animation, Adventure, Comedy, Crime, Family","After a lifetime of legendary heists, notorious criminals Mr. Wolf, Mr. Snake, Mr. Piranha, Mr. Shark and Ms. Tarantula are finally caught. To avoid a prison sentence, the animal outlaws must pull off their most challenging con yet -- becoming model citizens. Under the tutelage of their mentor, Professor Marmalade, the dubious gang sets out to fool the world that they're turning good.",Pierre Perifel,"Sam Rockwell, Marc Maron, Awkwafina, Craig Robinson, Anthony Ramos",0.5647640016830657,0.26680754196693307,Positive,"{'Happy': 0.2808, 'Angry': 0.0284, 'Surprise': 0.2396, 'Sad': 0.1928, 'Fear': 0.2588}"
51,Ambulance,4998632,6.1,2022,"English, Spanish","Action, Crime, Drama, Thriller","Decorated veteran Will Sharp, desperate for money to cover his wife's medical bills, asks for help from his adoptive brother Danny. A charismatic career criminal, Danny instead offers him a score: the biggest bank heist in Los Angeles history: $32 million.",Michael Bay,"Jake Gyllenhaal, Yahya Abdul-Mateen II, Eiza González, Garret Dillahunt, Keir O'Donnell",0.559622968845179,-0.07005441474229689,Negative,"{'Happy': 0.0836, 'Angry': 0.0664, 'Surprise': 0.2584, 'Sad': 0.2384, 'Fear': 0.3536}"
52,Old,10954652,5.8,2021,English,"Drama, Horror, Mystery, Thriller","This summer, visionary filmmaker M. Night Shyamalan unveils a chilling, mysterious new thriller about a family on a tropical holiday who discover that the secluded beach where they are relaxing for a few hours is somehow causing them to age rapidly - reducing their entire lives into a single day.",M. Night Shyamalan,"Gael García Bernal, Vicky Krieps, Rufus Sewell, Alex Wolff, Thomasin McKenzie",0.553873496534061,-0.014414616251265357,Positive,"{'Happy': 0.1228, 'Angry': 0.0608, 'Surprise': 0.2304, 'Sad': 0.2832, 'Fear': 0.3016}"
53,Pirates of the Caribbean: The Curse of the Black Pearl,0325980,8.1,2003,English,"Action, Adventure, Fantasy","This swash-buckling tale follows the quest of Captain Jack Sparrow, a savvy pirate, and Will Turner, a resourceful blacksmith, as they search for Elizabeth Swann. Elizabeth, the daughter of the governor and the love of Will's life, has been kidnapped by the feared Captain Barbossa. Little do they know, but the fierce and clever Barbossa has been cursed. He, along with his large crew, are under an ancient curse, doomed for eternity to neither live, nor die. That is, unless a blood sacrifice is made.",Gore Verbinski,"Johnny Depp, Geoffrey Rush, Orlando Bloom, Keira Knightley, Jack Davenport",0.5359944324998479,0.25815618310553856,Positive,"{'Happy': 0.1728, 'Angry': 0.038, 'Surprise': 0.2552, 'Sad': 0.212, 'Fear': 0.3212}"
54,Operation Mincemeat,1879016,6.6,2021,"Spanish, English","Drama, War","In the context of WW2 narratives, the story of Operation Mincemeat is unique a bizarre and seductive cinematic blend of high-level espionage and ingenious fiction, where the stakes could hardly be higher. Michelle Ashford's script fuses multiple strands and moods: tense, romantic, thrilling, unexpectedly funny, and endlessly surprising. It tells a richly human story of the soldiers we seldom see, who fight a different kind of war in shadows and deception, haunted by the knowledge that certainty and guarantee of success are nowhere to be found.",John Madden,"Colin Firth, Rufus Wright, Matthew Macfadyen, Ruby Bentall, Kelly Macdonald",0.5280323113790971,0.0991013973063973,Positive,"{'Happy': 0.1848, 'Angry': 0.0492, 'Surprise': 0.1748, 'Sad': 0.2688, 'Fear': 0.3212}"
55,365 Days,10886166,3.3,2020,"Polish, English, Italian","Drama, Romance","Massimo Torricelli, a young and handsome boss of a Sicilian Mafia family, has no other option but to take over after his father has been assassinated. Laura is a sales director in a luxurious hotel in Warsaw. She has a successful career, but her private life lacks passion. She is taking one last shot to save her relationship. Together with her bone-headed boyfriend, Martin and some other friends, she takes a trip to Sicily. She does not expect that Massimo, the most dangerous man on the island, will get in her way, kidnap her, hold her captive and give her 365 days - to fall in love with him.","Barbara Bialowas, Tomasz Mandes","Anna-Maria Sieklucka, Michele Morrone, Bronislaw Wroclawski, Otar Saralidze, Magdalena Lamparska",0.5172165366393471,-0.1063263083291678,Negative,"{'Happy': 0.112, 'Angry': 0.0348, 'Surprise': 0.3064, 'Sad': 0.2592, 'Fear': 0.2888}"
56,Samrat Prithviraj,9637132,7.7,2022,"Hindi, Telugu, Tamil","Action, Drama, History, War",In 1192 in Ghazni Afghanistan Prithviraj is captured by Mohammed Ghouri and chopped of his eyes and left to die in front of lions but the warrior in him is still alive and overcomes battle but faints due to weakness.The story takes back to some years in Ajmer where Prithviraj is respected by his whole regime who can die for him. While in Kannauj princess Sanyogita is in love with him Prithviraj decides to give shelter to Mir Hussain and his lover Chitralekha whose brother of Ghouri this angers Ghouri as Hussain has eloped with Chitralekha whom he wanted as his keep.Prithviraj decides to get them married which results in war between him and Ghouri where he defeats Ghouri with Kanha Kaka and Chand Bardai but Hussain looses his life.While Ghouri is captured and is to be assassinated next day by Kaka Kanha.Prithviraj forgives Ghouri but but he swears that he will be back for revenge as he is doing a mistake by keeping him alive.Prithviraj soon becomes ruler of Delhi angering Jaychand and he puts Prithviraj's statue outside his palace referring him as gate keeper but gets more angered when he finds Sanyogita loves him.Jaychand arranges Sanyogita's marriage to rival of Prithviraj but she marries the statute outside the gate and soon Prithviraj arrives to take her along.Jaychand through a merchant decides to contact Ghouri and asks him to capture Prithviraj in return of anything but Ghouri has his own plans.,Chandra Prakash Dwivedi,"Akshay Kumar, Manushi Chhillar, Sanjay Dutt, Sonu Sood, Manav Vij",0.5300428434836768,-0.027033859103859106,Negative,"{'Happy': 0.1452, 'Angry': 0.0412, 'Surprise': 0.1616, 'Sad': 0.2992, 'Fear': 0.3512}"
57,The Hunger Games: The Ballad of Songbirds and Snakes,10545296,,2023,English,"Action, Adventure, Drama, Sci-Fi, Thriller, War","Coriolanus Snow at age 18, years before he would become the tyrannical President of Panem. Young Coriolanus is handsome and charming, and though the Snow family has fallen on hard times, he sees a chance for a change in his fortunes when he is chosen to be a mentor for the Tenth Hunger Games. only to have his elation dashed when he is assigned to mentor the girl tribute from impoverished District 12.",Francis Lawrence,"Tom Blyth, Rachel Zegler, Ashley Liao, Josh Andrés Rivera, Mackenzie Lansing",0.0,0.0,Neutral,"{'Happy': 0.0, 'Angry': 0.0, 'Surprise': 0.0, 'Sad': 0.0, 'Fear': 0.0}"
58,The Matrix Resurrections,10838180,5.7,2021,"English, French, Spanish, Japanese","Action, Sci-Fi",,Lana Wachowski,"Keanu Reeves, Carrie-Anne Moss, Yahya Abdul-Mateen II, Jonathan Groff, Jessica Henwick",0.5296672930617707,0.0016746343273157582,Positive,"{'Happy': 0.0872, 'Angry': 0.0432, 'Surprise': 0.25, 'Sad': 0.326, 'Fear': 0.2904}"
59,Pleasure,8550054,6.3,2021,"English, Swedish",Drama,"Ninja Thyberg's debut feature PLEASURE is a journey into the American porn industry and follows 19-year-old Bella from Sweden, who arrives in Los Angeles with the dream of becoming the next big porn star. The film is raw but offers both a human and humorous portrayal of a male-dominated world seen from a female perspective.",Ninja Thyberg,"Sofia Kappel, Zelda Morrison, Evelyn Claire, Chris Cock, Dana DeArmond",0.5441242156871772,0.08481058493200487,Positive,"{'Happy': 0.114, 'Angry': 0.0364, 'Surprise': 0.3196, 'Sad': 0.2308, 'Fear': 0.2984}"
60,Dune,1160419,8.0,2021,"English, Mandarin","Action, Adventure, Drama, Sci-Fi","A mythic and emotionally charged hero's journey, ""Dune"" tells the story of Paul Atreides, a brilliant and gifted young man born into a great destiny beyond his understanding, who must travel to the most dangerous planet in the universe to ensure the future of his family and his people. As malevolent forces explode into conflict over the planet's exclusive supply of the most precious resource in existence-a commodity capable of unlocking humanity's greatest potential-only those who can conquer their fear will survive.",Denis Villeneuve,"Timothée Chalamet, Rebecca Ferguson, Oscar Isaac, Jason Momoa, Stellan Skarsgård",0.5109731152528207,0.11027159105603845,Positive,"{'Happy': 0.126, 'Angry': 0.0528, 'Surprise': 0.2664, 'Sad': 0.2228, 'Fear': 0.3316}"
61,The Lost World: Jurassic Park,0119567,6.5,1997,"English, Spanish","Action, Adventure, Sci-Fi","A research team is sent to an island eighty-seven miles away from the previous home of Jurassic Park, to document and photograph the now liberated dinosaurs. However, InGen the BioEngineering company has sent another larger team to the same island to catch, sedate, and transport some dinosaurs to San Diego where they will be used in a new Jurassic Park location. But life always finds a way. Will both teams return to the mainland with successful findings? Or will another tragedy occur?",Steven Spielberg,"Jeff Goldblum, Julianne Moore, Pete Postlethwaite, Arliss Howard, Richard Attenborough",0.5296803887138065,0.19269201280244744,Positive,"{'Happy': 0.156, 'Angry': 0.0292, 'Surprise': 0.2792, 'Sad': 0.186, 'Fear': 0.3504}"
62,The Menu,9764362,,2022,English,"Comedy, Horror",,Mark Mylod,"Anya Taylor-Joy, Ralph Fiennes, Janet McTeer, Nicholas Hoult, Aimee Carrero",0.0,0.0,Neutral,"{'Happy': 0.0, 'Angry': 0.0, 'Surprise': 0.0, 'Sad': 0.0, 'Fear': 0.0}"
63,A Perfect Pairing,15215512,6.1,2022,English,"Comedy, Romance",,Stuart McDonald,"Victoria Justice, Adam Demos, Luca Asta Sardelis, Samantha Cain, Craig Horner",0.5856300296800296,0.16720077584577583,Positive,"{'Happy': 0.2784, 'Angry': 0.022, 'Surprise': 0.2256, 'Sad': 0.2172, 'Fear': 0.2552}"
64,Goodfellas,0099685,8.7,1990,"English, Italian","Biography, Crime, Drama","Henry Hill might be a small time gangster, who may have taken part in a robbery with Jimmy Conway and Tommy De Vito, two other gangsters who might have set their sights a bit higher. His two partners could kill off everyone else involved in the robbery, and slowly start to think about climbing up through the hierarchy of the Mob. Henry, however, might be badly affected by his partners' success, but will he consider stooping low enough to bring about the downfall of Jimmy and Tommy?",Martin Scorsese,"Robert De Niro, Ray Liotta, Joe Pesci, Lorraine Bracco, Paul Sorvino",0.5325689111935281,0.22679786366958038,Positive,"{'Happy': 0.1648, 'Angry': 0.0768, 'Surprise': 0.2488, 'Sad': 0.22, 'Fear': 0.2904}"
65,Fantastic Beasts and Where to Find Them,3183660,7.2,2016,"English, Khmer","Adventure, Family, Fantasy","In mid-1920s New York, Newt Scamander, a British young activist wizard, arrives in the city, holding a mysterious leather suitcase sheltering diverse and magical creatures. Then, in the face of a fragile equilibrium of secrecy and the increasing disasters ascribed to the dark wizard Gellert Grindelwald, Newt's precious suitcase suddenly goes missing. And before long, this unforeseen complication catches Senior Auror Percival Graves' attention. Now, Newt is his target as an invisible, devastating, and unpredictable menace still wreaks havoc on 5th Avenue. In the end, is there a hidden agenda behind Graves' intentions? What will happen to the remaining fantastic beasts still on the loose?",David Yates,"Eddie Redmayne, Sam Redford, Scott Goldman, Tim Bentinck, Tristan Tait",0.5745796986401686,0.11763300553962516,Positive,"{'Happy': 0.15, 'Angry': 0.0408, 'Surprise': 0.2524, 'Sad': 0.2028, 'Fear': 0.356}"
66,Aquaman,1477834,6.8,2018,"English, Russian, Maori, Italian","Action, Adventure, Fantasy, Sci-Fi","Born upon the shores of the surface world, Arthur Curry (Jason Momoa) discovers that he is only half human, with the other half of his blood being of Atlanteean descent, thus making him the rightful heir to the throne of the undersea kingdom of Atlantis. However, Arthur learns that Atlantis is being ruled by his malicious half-brother Orm (Patrick Wilson), who seeks to unite the seven underwater kingdoms and wage war upon the surface. With aid from Nuidis Vulko (Willem Dafoe) and the gorgeous Mera (Amber Heard), Arthur must discover the full potential of his true destiny and become Aquaman in order to save Atlantis and the surface from Orm's evil plot.",James Wan,"Jason Momoa, Amber Heard, Willem Dafoe, Patrick Wilson, Nicole Kidman",0.5269025526310607,-0.044062243889374256,Negative,"{'Happy': 0.0908, 'Angry': 0.092, 'Surprise': 0.2204, 'Sad': 0.2496, 'Fear': 0.3464}"
67,Strange World,10298840,,2022,English,"Animation, Action, Adventure, Comedy, Family, Fantasy, Sci-Fi",,Don Hall,"Jake Gyllenhaal, Dennis Quaid, Alan Tudyk, Lucy Liu, Gabrielle Union",0.0,0.0,Neutral,"{'Happy': 0.0, 'Angry': 0.0, 'Surprise': 0.0, 'Sad': 0.0, 'Fear': 0.0}"
68,Spiderhead,9783600,5.5,2022,English,"Action, Crime, Drama, Sci-Fi, Thriller","This is set in the near future, when convicts are offered the chance to volunteer as medical subjects in hopes of shortening their sentences. When one prisoner finds himself the test patient for a new pharmaceutical capable of generating feelings of love, he begins questioning the reality of his emotions and sets out to discover the truth.",Joseph Kosinski,"Chris Hemsworth, Miles Teller, Jurnee Smollett, Mark Paguio, Tess Haubrich",0.5783101687370429,0.12562965137569243,Positive,"{'Happy': 0.1676, 'Angry': 0.0408, 'Surprise': 0.1904, 'Sad': 0.264, 'Fear': 0.3352}"
69,Memory,11827628,5.6,2022,English,"Action, Thriller","Alex Lewis (Liam Neeson) is an expert assassin with a reputation for discreet precision. Caught in a moral quagmire, Alex refuses to complete a job that violates his code and must quickly hunt down and kill the people who hired him before they and FBI agent Vincent Serra (Guy Pearce) find him first. Alex is built for revenge but, with a memory that is beginning to falter, he is forced to question his every action, blurring the line between right and wrong.",Martin Campbell,"Liam Neeson, Guy Pearce, Taj Atwal, Harold Torres, Ray Fearon",0.48345197362402403,0.09373601105638513,Positive,"{'Happy': 0.1768, 'Angry': 0.0372, 'Surprise': 0.2392, 'Sad': 0.1884, 'Fear': 0.3576}"
70,Mission: Impossible,0117060,7.1,1996,"English, French, Czech","Action, Adventure, Thriller","Based on the hit television series. Jim Phelps (Jon Voight) was sent to Prague for a mission to prevent the theft of classified material. His wife Claire (Emmanuelle Béart) and his trusted partner Ethan Hunt (Tom Cruise) were members of Phelps' team. Unfortunately, something went horribly wrong and the mission failed, leaving Ethan Hunt the seemingly lone survivor. After he reported the failed mission, Kittridge (Henry Czerny), the head of the agency, suspects Ethan of being the culprit for the failed mission. Now, Ethan uses unorthodox methods (which includes the aid of an arms dealer going by the name ""Max"" (Vanessa Redgrave)) to try to find who set him up and to clear his name.",Brian De Palma,"Tom Cruise, Jon Voight, Emmanuelle Béart, Henry Czerny, Jean Reno",0.5285038334671178,0.14737771818150855,Positive,"{'Happy': 0.1652, 'Angry': 0.0436, 'Surprise': 0.2616, 'Sad': 0.182, 'Fear': 0.3476}"
71,Watcher,12004038,6.8,2022,"English, Romanian","Drama, Horror, Thriller",,Chloe Okuno,"Maika Monroe, Karl Glusman, Burn Gorman, Tudor Petrut, Gabriela Butuc",0.5472078417171025,0.10718839945683449,Positive,"{'Happy': 0.1496, 'Angry': 0.034, 'Surprise': 0.2308, 'Sad': 0.2456, 'Fear': 0.3372}"
72,The Gray Man,1649418,,2022,English,"Action, Thriller","Court Gentry aka, Sierra Six a highly skilled former CIA Operative, was once the agency's best merchant of death. After his escape from prison, and recruitment by former handler Donald Fitzroy, Gentry is now on the run from the CIA with agent Lloyd Hansen hot on his trail. Aided by Agent Dani Miranda, Hansen will stop at nothing to bring Gentry down.","Anthony Russo, Joe Russo","Ana de Armas, Chris Evans, Jessica Henwick, Ryan Gosling, Wagner Moura",0.0,0.0,Neutral,"{'Happy': 0.0, 'Angry': 0.0, 'Surprise': 0.0, 'Sad': 0.0, 'Fear': 0.0}"
73,The Shawshank Redemption,0111161,9.3,1994,English,Drama,"Chronicles the experiences of a formerly successful banker as a prisoner in the gloomy jailhouse of Shawshank after being found guilty of a crime he did not commit. The film portrays the man's unique way of dealing with his new, torturous life; along the way he befriends a number of fellow prisoners, most notably a wise long-term inmate named Red.",Frank Darabont,"Tim Robbins, Morgan Freeman, Bob Gunton, William Sadler, Clancy Brown",0.5499257570746832,0.30358755603355625,Positive,"{'Happy': 0.164, 'Angry': 0.0572, 'Surprise': 0.2692, 'Sad': 0.182, 'Fear': 0.3268}"
74,Star Wars: Episode I - The Phantom Menace,0120915,6.5,1999,"English, Sanskrit","Action, Adventure, Fantasy, Sci-Fi","The evil Trade Federation, led by Nute Gunray is planning to take over the peaceful world of Naboo. Jedi Knights Qui-Gon Jinn and Obi-Wan Kenobi are sent to confront the leaders. But not everything goes to plan. The two Jedi escape, and along with their new Gungan friend, Jar Jar Binks head to Naboo to warn Queen Amidala, but droids have already started to capture Naboo and the Queen is not safe there. Eventually, they land on Tatooine, where they become friends with a young boy known as Anakin Skywalker. Qui-Gon is curious about the boy, and sees a bright future for him. The group must now find a way of getting to Coruscant and to finally solve this trade dispute, but there is someone else hiding in the shadows. Are the Sith really extinct? Is the Queen really who she says she is? And what's so special about this young boy?",George Lucas,"Liam Neeson, Ewan McGregor, Natalie Portman, Jake Lloyd, Ian McDiarmid",0.541508017552209,0.17420170702442273,Positive,"{'Happy': 0.1476, 'Angry': 0.0468, 'Surprise': 0.228, 'Sad': 0.2332, 'Fear': 0.3448}"
75,Jurassic Park III,0163025,5.9,2001,"English, Spanish","Action, Adventure, Sci-Fi, Thriller","Dr. Alan Grant is now a happy man with the previous incidents of Jurassic Park now behind him. Grant is that happy that he announce in public, that nothing on Earth can persuade him back onto the islands. Maybe nothing, except Paul Kirby. Kirby and his wife, Amanda want a plane to fly them over Isla Sorna, with Dr. Grant as their guide. But not everything Kirby says is true. When the plane lands, Dr. Grant realizes that there is another reason why they are there, that he doesn't know of. Now, Dr. Grant is stuck on an island he has never been on before, with what was a plane journey now turned into a search party.",Joe Johnston,"Sam Neill, William H. Macy, Téa Leoni, Alessandro Nivola, Trevor Morgan",0.5469595788838635,0.09420341013860839,Positive,"{'Happy': 0.1471, 'Angry': 0.0663, 'Surprise': 0.2237, 'Sad': 0.2246, 'Fear': 0.3379}"
76,Beetlejuice 2,2049403,,2025,English,"Comedy, Fantasy, Horror","From critically acclaimed filmmaker and screenwriter, Tim Burton presents the long-awaited sequel to the Halloween classic. Keaton's action-packed comedic demon returns to the silver screen for more mischief than ever before. When the Maitland house EXPLODES, so does the fun, so buckle up. The original cast and crew plus new additions return when Beetlejuice is found homeless in the netherworld. He takes it upon himself to travel back to the mortal world seeking comfort, only to find the Maitland house has blown up due to a gas leak, leaving our beloved characters without a humble home to share the love. In search of guidance, the crew travels down to the Netherworld only to find there's a new sheriff in these parts, The Jersey Devil (Will Arnett). Through a surprising turn of events, the self-known ladies man, Beetlejuice learns that the Jersey Devil is his long-lost son through one of his numerous love affairs. Lydia Deetz (Winona Ryder) is wooed by the enchanting Jersey Devil, despite being married to a struggling real estate agent (David Harbour). Through kooky scenarios and ecstatic characters, the fun never stops. Though entertaining, it is also a heart-wrenching tale that shows Beetlejuice is just another man trying to find his way in the world. The story also progresses the idea that a family is never truly ideal. The story continues when you say the release date three times unbroken. Release date TBD.",Tim Burton,,0.0,0.0,Neutral,"{'Happy': 0.0, 'Angry': 0.0, 'Surprise': 0.0, 'Sad': 0.0, 'Fear': 0.0}"
77,The Rum Diary,0376136,6.1,2011,"English, Spanish, German","Comedy, Drama","Hard-drinking journalist Paul Kemp takes a job at a besieged newspaper in San Juan, Puerto Rico. His volatile editor, Lotterman, assigns him to tourist pieces and horoscopes, but promises more. Paul rooms with Sala, an aging and equally alcoholic reporter, in a rundown flat. Sanderson, a wealthy entrepreneur, hires Paul to flack for a group of investors who plan to buy an island near the capital and build a resort. Sanderson's girl-friend, the beguiling Chenault, bats her eyes at Paul. His loyalties face challenges when he and Sala get in trouble with locals, when a Carnival dance enrages Sanderson, and when the paper hits the skids. Is the solution always alcohol?",Bruce Robinson,"Johnny Depp, Aaron Eckhart, Michael Rispoli, Amber Heard, Richard Jenkins",0.5497883736553704,0.14726172635820098,Positive,"{'Happy': 0.1476, 'Angry': 0.0644, 'Surprise': 0.1828, 'Sad': 0.2184, 'Fear': 0.3888}"
78,The Lincoln Lawyer,1189340,7.3,2011,English,"Crime, Drama, Mystery, Thriller","Mick Haller is a defense lawyer who works out of his Lincoln. When a wealthy Realtor is accused of assaulting a prostitute, Haller is asked to defend him. The man claims that the woman is trying to get some money out of him. But when Haller looks at the evidence against him, he learns that this case might be linked to an old case of his.",Brad Furman,"Matthew McConaughey, Marisa Tomei, Ryan Phillippe, William H. Macy, Josh Lucas",0.5558154242441453,0.19935875403154807,Positive,"{'Happy': 0.1828, 'Angry': 0.0324, 'Surprise': 0.2276, 'Sad': 0.1776, 'Fear': 0.3792}"
79,Star Wars,0076759,8.6,1977,English,"Action, Adventure, Fantasy, Sci-Fi","The Imperial Forces, under orders from cruel Darth Vader, hold Princess Leia hostage in their efforts to quell the rebellion against the Galactic Empire. Luke Skywalker and Han Solo, captain of the Millennium Falcon, work together with the companionable droid duo R2-D2 and C-3PO to rescue the beautiful princess, help the Rebel Alliance and restore freedom and justice to the Galaxy.",George Lucas,"Mark Hamill, Harrison Ford, Carrie Fisher, Peter Cushing, Alec Guinness",0.5469254960301424,0.19640078040659098,Positive,"{'Happy': 0.1496, 'Angry': 0.0624, 'Surprise': 0.2396, 'Sad': 0.1852, 'Fear': 0.3632}"
80,White Elephant,14686544,5.2,2022,English,"Action, Thriller",,Jesse V. Johnson,"Lorenzo Antonucci, Lincoln Brown, Eric Buarque, Lauren Buglioli, Josef Cannon",0.5112100936484546,0.03547324624737594,Positive,"{'Happy': 0.1228, 'Angry': 0.05, 'Surprise': 0.2452, 'Sad': 0.2112, 'Fear': 0.3688}"
81,The Bob's Burgers Movie,7466442,7.4,2022,"English, German","Animation, Adventure, Comedy, Musical","The story begins when a ruptured water main creates an enormous sinkhole right in front of Bob's Burgers, blocking the entrance indefinitely and ruining the Belchers' plans for a successful summer. While Bob and Linda struggle to keep the business afloat, the kids try to solve a mystery that could save their family's restaurant. As the dangers mount, these underdogs help each other find hope and fight to get back behind the counter, where they belong.","Loren Bouchard, Bernard Derriman","H. Jon Benjamin, John Roberts, Dan Mintz, Eugene Mirman, Kristen Schaal",0.5028172821678951,0.25126756391752786,Positive,"{'Happy': 0.26, 'Angry': 0.0272, 'Surprise': 0.2236, 'Sad': 0.1696, 'Fear': 0.3168}"
82,Scream,11245972,6.4,2022,English,"Horror, Mystery, Thriller","Like the original movie 25 years ago, a cute teenage girl is at home alone when the phone rings. A man wants to play a game with her. With the threat of killing her best friend, Tara's forced to play along. She barely survives the ghost face masked intruder's stabbing. Her 5 year older sister, Sam(antha), who left home at 18 due to mental problems, Sam's boyfriend and Tara's high school friends visit her at the hospital. Later on in a bar, a guy provokes the friends and is later attacked outside in the parking lot by Ghostface. Sam receives a call from him at the hospital and then he unsuccessfully attacks her. She later reveals family secrets to her sister. Sam contacts one of the original victims, Dewey, for help. He warns two other original victims, Sidney Prescott and Gale Weathers, about Ghostface being back. Who is Ghostface? How many more must die?","Matt Bettinelli-Olpin, Tyler Gillett","Neve Campbell, Courteney Cox, David Arquette, Melissa Barrera, Jack Quaid",0.5300806544554867,-0.01913093988331265,Positive,"{'Happy': 0.1164, 'Angry': 0.0416, 'Surprise': 0.2844, 'Sad': 0.24, 'Fear': 0.3188}"
83,The Valet,4081630,6.7,2022,English,"Comedy, Romance",,Richard Wong,"Eugenio Derbez, Samara Weaving, Max Greenfield, Betsy Brandt, Carmen Salinas",0.5901148463094331,0.2801306403749406,Positive,"{'Happy': 0.3452, 'Angry': 0.036, 'Surprise': 0.2148, 'Sad': 0.164, 'Fear': 0.2408}"
84,Free Guy,6264654,7.1,2021,"English, Japanese, German","Action, Adventure, Comedy, Fantasy, Sci-Fi","In the extremely popular video game, Free City, a NPC named Guy learns the true nature of his existence when he meets the girl of his dreams, a human player. This player's interactions with Guy has massive affects on him, the game, and real world as they play it.",Shawn Levy,"Ryan Reynolds, Jodie Comer, Lil Rel Howery, Joe Keery, Utkarsh Ambudkar",0.5353374697803799,0.1787851773811059,Positive,"{'Happy': 0.2768, 'Angry': 0.056, 'Surprise': 0.2376, 'Sad': 0.1556, 'Fear': 0.272}"
85,Mission: Impossible - Dead Reckoning - Part One,9603212,,2023,English,"Action, Adventure, Thriller",,Christopher McQuarrie,"Tom Cruise, Indira Varma, Rebecca Ferguson, Hayley Atwell, Charles Parnell",0.0,0.0,Neutral,"{'Happy': 0.0, 'Angry': 0.0, 'Surprise': 0.0, 'Sad': 0.0, 'Fear': 0.0}"
86,Titanic,0120338,7.9,1997,"English, Swedish, Italian, French","Drama, Romance","84 years later, a 100 year-old woman named Rose DeWitt Bukater tells the story to her granddaughter Lizzy Calvert, Brock Lovett, Lewis Bodine, Bobby Buell and Anatoly Mikailavich on the Keldysh about her life set in April 10th 1912, on a ship called Titanic when young Rose boards the departing ship with the upper-class passengers and her mother, Ruth DeWitt Bukater, and her fiancé, Caledon Hockley. Meanwhile, a drifter and artist named Jack Dawson and his best friend Fabrizio De Rossi win third-class tickets to the ship in a game. And she explains the whole story from departure until the death of Titanic on its first and last voyage April 15th, 1912 at 2:20 in the morning.",James Cameron,"Leonardo DiCaprio, Kate Winslet, Billy Zane, Kathy Bates, Frances Fisher",0.5700609585436719,0.2478390758262505,Positive,"{'Happy': 0.1408, 'Angry': 0.0432, 'Surprise': 0.2816, 'Sad': 0.282, 'Fear': 0.2528}"
87,Harry Potter and the Sorcerer's Stone,0241527,7.6,2001,"English, Latin","Adventure, Family, Fantasy","This is the tale of Harry Potter (Daniel Radcliffe), an ordinary eleven-year-old boy serving as a sort of slave for his aunt and uncle who learns that he is actually a wizard and has been invited to attend the Hogwarts School for Witchcraft and Wizardry. Harry is snatched away from his mundane existence by Rubeus Hagrid (Robbie Coltrane), the groundskeeper for Hogwarts, and quickly thrown into a world completely foreign to both him and the viewer. Famous for an incident that happened at his birth, Harry makes friends easily at his new school. He soon finds, however, that the wizarding world is far more dangerous for him than he would have imagined, and he quickly learns that not all wizards are ones to be trusted.",Chris Columbus,"Richard Harris, Maggie Smith, Robbie Coltrane, Saunders Triplets, Daniel Radcliffe",0.5876251489190589,0.26641653879071014,Positive,"{'Happy': 0.1604, 'Angry': 0.0444, 'Surprise': 0.2804, 'Sad': 0.1716, 'Fear': 0.3424}"
88,Once Upon a Time... In Hollywood,7131622,7.6,2019,"English, Italian, Spanish, German","Comedy, Drama","Quentin Tarantino's Once Upon a Time... in Hollywood visits 1969 Los Angeles, where everything is changing, as TV star Rick Dalton (Leonardo DiCaprio) and his longtime stunt double Cliff Booth (Brad Pitt) make their way around an industry they hardly recognize anymore. The ninth film from the writer-director features a large ensemble cast and multiple storylines in a tribute to the final moments of Hollywood's golden age.",Quentin Tarantino,"Leonardo DiCaprio, Brad Pitt, Margot Robbie, Emile Hirsch, Margaret Qualley",0.5380322213774111,0.16801871499276064,Positive,"{'Happy': 0.17, 'Angry': 0.062, 'Surprise': 0.2596, 'Sad': 0.206, 'Fear': 0.304}"
89,The Outfit,14114802,7.1,2022,"English, French","Crime, Drama, Mystery, Thriller","Leonard (Mark Rylance), a master English tailor who's ended up in Chicago, operates a corner tailor shop with his assistant (Zoey Deutch) where he makes beautiful clothes for the only people around who can afford them: a family of vicious gangsters. One night, two killers (Dylan O'Brien, Johnny Flynn) knock on his door in need of a favor - And Leonard is thrust onto the board in a deadly game of deception and murder.",Graham Moore,"Zoey Deutch, Dylan O'Brien, Mark Rylance, Johnny Flynn, Nikki Amuka-Bird",0.516975220871,0.188631730888576,Positive,"{'Happy': 0.1464, 'Angry': 0.0608, 'Surprise': 0.2652, 'Sad': 0.1948, 'Fear': 0.3308}"
90,The Goonies,0089218,7.7,1985,"English, Spanish, Cantonese, Italian","Adventure, Comedy, Family",Mikey and his friends have always wanted to go on an adventure. One night they are all in Mikey's attic and Mikey stumbles across an old map. Mikey has always wanted to know if One-eyed Willy ever was a real person and now he might. They set off and later realize that they have to go through the evil Mama Fratelli's restaurant to get to a secret passage to the caves. As they try to get into the caves Mama Fratelli catches Chunk and he is left behind. He then meets Sloth one of Mama Fratelli's sons with a messed up face. He befriends Sloth. Meanwhile Mama Fratelli and her sons are trying to get to the treasure too. Will the kids make it there before Mama Fratelli does? Will Chuck ever get out of her basement?,Richard Donner,"Sean Astin, Josh Brolin, Jeff Cohen, Corey Feldman, Kerri Green",0.5190652051206794,0.18218160775879821,Positive,"{'Happy': 0.2312, 'Angry': 0.0312, 'Surprise': 0.246, 'Sad': 0.1988, 'Fear': 0.2912}"
91,American Psycho,0144084,7.6,2000,"English, Spanish, Cantonese","Crime, Drama, Horror","It's the late 1980s. Twenty-seven year old Wall Streeter Patrick Bateman travels among a closed network of the proverbial beautiful people, that closed network in only they able to allow others like themselves in in a feeling of superiority. Patrick has a routinized morning regimen to maintain his appearance of attractiveness and fitness. He, like those in his network, are vain, narcissistic, egomaniacal and competitive, always having to one up everyone else in that presentation of oneself, but he, unlike the others, realizes that, for himself, all of these are masks to hide what is truly underneath, someone/something inhuman in nature. In other words, he is comprised of a shell resembling a human that contains only greed and disgust, greed in wanting what others may have, and disgust for those who do not meet his expectations and for himself in not being the first or the best. That disgust ends up manifesting itself in wanting to rid the world of those people, he not seeing them as people but only of those characteristics he wants to rid.",Mary Harron,"Christian Bale, Justin Theroux, Josh Lucas, Bill Sage, Chloë Sevigny",0.5141485717629078,0.10317740088252193,Positive,"{'Happy': 0.1016, 'Angry': 0.0648, 'Surprise': 0.2976, 'Sad': 0.1912, 'Fear': 0.3452}"
92,The Adam Project,2463208,6.7,2022,English,"Action, Adventure, Comedy, Sci-Fi","Adam Reed, age 12 and still grieving his father's sudden death the year before, walks into his garage one night to find a wounded pilot hiding there. This mysterious pilot turns out to be the older version of himself from the future, where time travel is in its infancy. He has risked everything to come back in time on a secret mission. Together they must embark on an adventure into the past to find their father, set things right, and save the world. As the three work together, both young and grown Adam come to terms with the loss of their father and have a chance to heal the wounds that have shaped them. Adding to the challenge of the mission, the two Adams discover that they really don't like each other much, and if they are to save the world, first they need to figure out how to get along.",Shawn Levy,"Ryan Reynolds, Walker Scobell, Mark Ruffalo, Jennifer Garner, Zoe Saldana",0.5289823449040891,0.22133816647294244,Positive,"{'Happy': 0.2732, 'Angry': 0.038, 'Surprise': 0.2004, 'Sad': 0.194, 'Fear': 0.2936}"
93,Pirates of the Caribbean: Dead Men Tell No Tales,1790809,6.5,2017,"English, Spanish","Action, Adventure, Fantasy","Captain Jack Sparrow (Johnny Depp) finds the winds of ill-fortune blowing even more strongly when deadly ghost pirates led by his old nemesis, the terrifying Captain Salazar (Javier Bardem), escape from the Devil's Triangle, determined to kill every pirate at sea...including him. Captain Jack's only hope of survival lies in seeking out the legendary Trident of Poseidon, a powerful artifact that bestows upon its possessor total control over the seas.","Joachim Rønning, Espen Sandberg","Johnny Depp, Javier Bardem, Geoffrey Rush, Brenton Thwaites, Kaya Scodelario",0.5106990325362717,0.1105872039596101,Positive,"{'Happy': 0.1608, 'Angry': 0.0404, 'Surprise': 0.2168, 'Sad': 0.2692, 'Fear': 0.3136}"
94,Avengers: Endgame,4154796,8.4,2019,"English, Japanese, Xhosa, German","Action, Adventure, Drama, Sci-Fi","After the devastating events of Avengers: Infinity War (2018), the universe is in ruins due to the efforts of the Mad Titan, Thanos. With the help of remaining allies, the Avengers must assemble once more in order to undo Thanos's actions and undo the chaos to the universe, no matter what consequences may be in store, and no matter who they face...","Anthony Russo, Joe Russo","Robert Downey Jr., Chris Evans, Mark Ruffalo, Chris Hemsworth, Scarlett Johansson",0.5212500013724906,0.09467156635700714,Positive,"{'Happy': 0.1084, 'Angry': 0.0288, 'Surprise': 0.2588, 'Sad': 0.2548, 'Fear': 0.3488}"
95,Eternals,9032400,6.3,2021,"English, American Sign Language, Marathi, Spanish, Sumerian, Latin, Greek, Ancient (to 1453)","Action, Adventure, Fantasy, Sci-Fi","Following the events of Avengers: Endgame (2019), an unexpected tragedy forces the Eternals, ancient aliens who have been living on Earth in secret for thousands of years, out of the shadows to reunite against mankind's most ancient enemy, the Deviants.",Chloé Zhao,"Gemma Chan, Richard Madden, Angelina Jolie, Salma Hayek, Kit Harington",0.5311742440974017,-0.006339948216787208,Positive,"{'Happy': 0.0972, 'Angry': 0.0424, 'Surprise': 0.2864, 'Sad': 0.232, 'Fear': 0.3436}"
96,Midsommar,8772262,7.1,2019,"English, Swedish","Drama, Horror, Mystery, Thriller","Dani (Florence Pugh) and Christian (Jack Reynor) are a young American couple with a relationship on the brink of falling apart. But after a family tragedy keeps them together, Christian invites a grieving Dani to join him and his friends on a trip to a once-in-a-lifetime midsummer festival in a remote Swedish village. What begins as a carefree summer holiday in the North European land of eternal sunlight takes a sinister turn when the insular villagers invite their guests to partake in festivities that render the pastoral paradise increasingly unnerving and viscerally disturbing.",Ari Aster,"Florence Pugh, Jack Reynor, Vilhelm Blomgren, William Jackson Harper, Will Poulter",0.5947083374297921,0.007848653385035886,Positive,"{'Happy': 0.156, 'Angry': 0.0364, 'Surprise': 0.304, 'Sad': 0.2248, 'Fear': 0.2756}"
97,Minions: The Rise of Gru,5113044,7.2,2022,"English, Vietnamese","Animation, Adventure, Comedy, Crime, Family, Sci-Fi","In the heart of the 1970s, amidst a flurry of feathered hair and flared jeans, Gru (Steve Carell) is growing up in the suburbs. A fanboy of a supervillain supergroup known as the Vicious 6, Gru hatches a plan to become evil enough to join them. Luckily, he gets some mayhem-making back-up from his loyal followers, the Minions. Together, Kevin, Stuart, Bob, and Otto - a new Minion sporting braces and a desperate need to please - deploy their skills as they and Gru build their first lair, experiment with their first weapons, and pull off their first missions. When the Vicious 6 oust their leader, legendary fighter Wild Knuckles (Alan Arkin), Gru interviews to become their newest member. It doesn't go well (to say the least), and only gets worse after Gru outsmarts them and suddenly finds himself the mortal enemy of the apex of evil. On the run, Gru will turn to an unlikely source for guidance, Wild Knuckles, and discover that even bad guys need a little help from their friends.","Kyle Balda, Brad Ableson, Jonathan del Val","Steve Carell, Pierre Coffin, Taraji P. Henson, Jean-Claude Van Damme, Michelle Yeoh",0.0,0.0,Neutral,"{'Happy': 0.0, 'Angry': 0.0, 'Surprise': 0.0, 'Sad': 0.0, 'Fear': 0.0}"
98,Star Wars: Episode III - Revenge of the Sith,0121766,7.6,2005,English,"Action, Adventure, Fantasy, Sci-Fi","Nearly three years have passed since the beginning of the Clone Wars. The Republic, with the help of the Jedi, take on Count Dooku and the Separatists. With a new threat rising, the Jedi Council sends Obi-Wan Kenobi and Anakin Skywalker to aid the captured Chancellor. Anakin feels he is ready to be promoted to Jedi Master. Obi-Wan is hunting down the Separatist General, Grievous. When Anakin has future visions of pain and suffering coming Padmé's way, he sees Master Yoda for counsel. When Darth Sidious executes Order 66, it destroys most of all the Jedi have built. Experience the birth of Darth Vader. Feel the betrayal that leads to hatred between two brothers. And witness the power of hope.",George Lucas,"Ewan McGregor, Natalie Portman, Hayden Christensen, Ian McDiarmid, Samuel L. Jackson",0.5275140272702533,0.2641813173276037,Positive,"{'Happy': 0.1432, 'Angry': 0.0364, 'Surprise': 0.2896, 'Sad': 0.2552, 'Fear': 0.276}"
99,The Gentlemen,8367814,7.8,2019,"English, Russian, Spanish, Chinese","Action, Comedy, Crime","A talented American graduate of Oxford, using his unique skills, and audacity, creates a marijuana empire using the estates of impoverished British aristocrats. However, when he tries to sell his empire to a fellow American billionaire, a chain of events unfolds, involving blackmail, deception, mayhem and murder between street thugs, Russian oligarchs, Triad gangsters and gutter journalists.",Guy Ritchie,"Matthew McConaughey, Charlie Hunnam, Michelle Dockery, Jeremy Strong, Lyne Renée",0.5186317708108341,0.22067156392975387,Positive,"{'Happy': 0.1848, 'Angry': 0.0704, 'Surprise': 0.264, 'Sad': 0.1744, 'Fear': 0.306}"
100,Licorice Pizza,11271038,7.3,2021,"English, Japanese, Spanish","Comedy, Drama, Romance","LICORICE PIZZA is the story of Alana Kane and Gary Valentine growing up, running around and falling in love in the San Fernando Valley, 1973. Written and Directed by Paul Thomas Anderson, the film tracks the treacherous navigation of first love.",Paul Thomas Anderson,"Will Angarola, Griff Giacchino, James Kelley, Cooper Hoffman, Alana Haim",0.5171692851985981,0.07613570314526465,Positive,"{'Happy': 0.1316, 'Angry': 0.0468, 'Surprise': 0.2296, 'Sad': 0.2732, 'Fear': 0.3176}"
